"editor","year","changesets","users"
"JOSM/1.5","2019","5035819","22718"
"JOSM/1.5","2018","4085673","22687"
"JOSM/1.5","2020","3713142","16510"
"JOSM/1.5","2017","3667588","23133"
"JOSM/1.5","2016","3193256","22271"
"JOSM/1.5","2015","3083510","22790"
"Potlatch","2015","500007","24286"
"MAPS.ME ","2017","462556","102375"
"StreetCo","2019","381819","8967"
"MAPS.ME ","2016","373310","96584"
"Potlatch","2016","361129","14901"
"MAPS.ME ","2018","324183","71199"
"MAPS.ME ","2019","284207","55719"
"StreetCo","2018","283826","9764"
"Potlatch","2017","273646","10184"
"StreetCo","2020","239262","7428"
"Potlatch","2018","205891","6598"
"StreetCo","2017","205159","9572"
"Potlatch","2019","161025","5043"
"Go Map!!","2017","112001","1834"
"Go Map!!","2015","110515","1335"
"https_al","2019","103188","3"
"MAPS.ME ","2020","99905","22882"
"Potlatch","2020","80663","2665"
"Go Map!!","2016","71153","1508"
"Vespucci","2015","54808","2075"
"osmapi/1","2020","54282","45"
"Vespucci","2016","53740","2120"
"OsmAnd+ ","2019","51092","2530"
"Merkaart","2015","50301","457"
"OsmAnd~ ","2019","48443","2514"
"Go Map!!","2018","48101","1089"
"Merkaart","2016","40078","409"
"OsmAnd+ ","2018","39432","2447"
"OsmAnd~ ","2018","32340","1883"
"OsmAnd 3","2019","30574","2029"
"Level0 v","2019","30542","252"
"OsmAnd~ ","2020","29245","1687"
"bulk_upl","2019","29159","1"
"OsmAnd+ ","2020","28142","1564"
"Pushpin ","2015","27399","780"
"osmapi/0","2016","26980","71"
"Merkaart","2017","26713","333"
"PythonOs","2015","26656","2"
"Level0 v","2018","25946","233"
"Merkaart","2018","24154","256"
"Level0 v","2017","22722","222"
"reverter","2017","22581","1135"
"OsmAnd+ ","2017","22323","2366"
"Level0 v","2020","20058","222"
"reverter","2018","19986","1265"
"Merkaart","2019","19563","241"
"reverter","2019","19104","1336"
,"2017","17536","1406"
"Level0 v","2016","17500","205"
"Services","2020","16474","3"
"rosemary","2016","16208","2487"
"OsmAnd 3","2018","16038","1177"
"Pushpin ","2016","15187","461"
"reverter","2020","14821","1010"
"OsmAnd+ ","2016","14389","1817"
"osmapi/1","2019","14219","43"
"OsmAnd 3","2020","14129","1235"
"reverter","2016","14051","948"
"upload.p","2017","13797","17"
"rosemary","2017","13703","2345"
"Services","2015","13135","34"
"OsmAnd~ ","2017","12931","1222"
"rosemary","2015","12307","2761"
"Vespucci","2017","11564","1295"
"OsmAnd 2","2018","11267","862"
"Level0 v","2015","10629","174"
"Merkaart","2020","10212","186"
"OsmAnd 2","2017","10127","1402"
"rosemary","2018","9643","1990"
"Vespucci","2018","9406","1461"
"OsmAnd+ ","2015","9165","1152"
,"2016","9005","1581"
"osmapi/1","2018","8924","56"
,"2018","8362","1182"
"osmapi/0","2017","8114","50"
"caresteo","2020","7967","1"
"autoAWS ","2020","7867","1"
"iD 1.8.5","2017","7647","28"
"rocketda","2018","7493","234"
"PythonOs","2017","7433","1"
"https_al","2020","7186","1"
"OsmAnd~ ","2016","7158","842"
"Vespucci","2019","6985","1484"
"autoAWS ","2019","6982","1"
,"2019","6891","1067"
"Pushpin ","2017","6872","230"
,"2015","6713","754"
"railwayz","2019","6368","1"
"osmapi","2016","6344","1"
"FireYak","2019","6138","221"
"OsmHydra","2019","6017","1166"
"Services","2017","5931","12"
"osmapi/0","2018","5822","11"
"autoAWS ","2018","5775","1"
"FireYak","2018","5678","158"
"https://","2018","5627","88"
"Osmose E","2019","5303","379"
"OsmAnd 2","2016","5137","984"
"OsmAnd~ ","2015","5090","430"
"OsmHydra","2018","5062","934"
"FireYak","2017","4981","131"
"Route4U.","2017","4880","1"
"https://","2019","4738","161"
"FireYak","2020","4587","138"
"OsmHydra","2017","4556","866"
"OsmHydra","2020","4508","883"
"Osmose E","2017","4503","284"
"Route4U","2017","4331","1"
"OsmHydra","2016","4228","751"
"OsmHydra","2015","4211","665"
"addr2osm","2019","4116","1"
"streetke","2015","3978","1"
"Route4U ","2015","3862","1"
"Geocropp","2017","3785","50"
"https://","2020","3711","74"
,"2020","3592","575"
"Osmose E","2020","3310","295"
"PythonOs","2016","3288","3"
"Osmose E","2018","3284","276"
"Osmose E","2016","3223","249"
"Ubiflow ","2015","3168","1"
"Crée par","2018","3136","1"
"OpenBeer","2016","3111","6"
"MapRoule","2020","3106","67"
"OsmAnd 2","2015","3103","687"
"schools.","2016","3030","7"
"upload.p","2019","2992","3"
"https://","2017","2948","71"
"Vespucci","2020","2859","969"
"peundeme","2017","2785","34"
"Pic4Revi","2019","2777","518"
"OsmAnd M","2020","2702","216"
"OpenBeer","2017","2644","15"
"ArcGIS E","2018","2620","41"
"rosemary","2019","2614","72"
"b-jazz","2019","2611","1"
"peundeme","2019","2583","48"
"Crée par","2017","2569","1"
"Services","2016","2564","21"
"Osmose E","2015","2542","224"
"Services","2019","2524","8"
"ArcGIS E","2020","2517","26"
"b-jazz","2020","2511","1"
"osmapi/1","2017","2474","17"
"Pic4Revi","2018","2457","250"
"OSM Micr","2019","2442","4"
"geoBingA","2019","2395","3"
"Grass_an","2015","2377","188"
"business","2020","2322","1"
"osmtools","2017","2317","36"
"JOSM 1.6","2020","2168","3"
"Geocropp","2018","2131","37"
"OSM Cont","2019","2128","443"
"OSM Cont","2018","2103","424"
"Refill S","2020","2012","53"
"Go Kaart","2018","1991","9"
"osmtools","2019","1885","23"
"addr2osm","2020","1761","1"
"OsmAndF~","2016","1744","29"
"Crée par","2016","1726","1"
"Osm Go! ","2019","1706","194"
"upload.p","2018","1677","8"
"gnome-ma","2017","1593","421"
"Osm Go! ","2020","1588","227"
"MapRoule","2019","1517","41"
"osmapi/0","2015","1507","48"
"business","2019","1492","1"
"Ubiflow ","2016","1488","1"
"peundeme","2018","1476","42"
"peundeme","2020","1451","29"
"gnome-ma","2019","1419","556"
"rosemary","2020","1415","26"
"MapCompl","2020","1410","120"
"osmapis/","2016","1407","2"
"iD 1.8.5","2016","1402","11"
"osmtools","2018","1400","25"
"JOSM 1.6","2019","1372","13"
"Geocropp","2019","1339","29"
"zażółć 1","2019","1336","2"
"osmtools","2016","1323","34"
"MapContr","2019","1322","314"
"OsmAnd N","2018","1322","24"
"OpenBeer","2015","1313","3"
"IsraelHi","2019","1278","153"
"OsmAnd M","2019","1246","173"
"osmuploa","2020","1221","1"
"Pic4Revi","2020","1220","254"
"OsmAnd 1","2015","1199","326"
"MapContr","2017","1185","243"
"gnome-ma","2018","1112","472"
"Crée par","2020","1111","1"
"IsraelHi","2018","1106","131"
"iD 1.8.5","2018","1095","14"
"Citypedi","2020","1091","1"
"DEVK Ver","2015","1085","1"
"OSM Cont","2017","1077","198"
"OpenVege","2018","1055","1"
"osmapi","2017","1044","2"
"IsraelHi","2020","1043","146"
"osmapi","2018","1031","1"
"Citypedi","2019","1010","1"
"ArcGIS E","2017","1008","87"
"peundeme","2016","1006","27"
"OpenBeer","2018","1003","6"
"Crée par","2019","953","1"
"archINFO","2019","947","1"
"ArcGIS E","2016","940","156"
"zażółć 6","2018","890","1"
"gnome-ma","2020","880","453"
"IsraelHi","2017","866","88"
"OSM Cont","2020","860","193"
"MapContr","2020","856","318"
"ADDR 1.2","2019","852","1"
"FreieTon","2015","848","11"
"RawEdit","2016","843","161"
"OsmAnd 2","2019","838","46"
"TisUgra","2018","836","1"
"PLanes 0","2018","811","66"
"MapContr","2018","809","243"
"YAPIS (2","2015","795","32"
"ArcGIS E","2015","783","67"
"iD 1.6.2","2017","780","1"
"iD 2.1.3","2017","779","1"
"Pushpin ","2018","767","15"
"RevertUI","2018","752","76"
"ArcGIS E","2019","750","40"
"OsmPipel","2020","750","2"
"Redactio","2020","728","1"
"GeoThing","2016","716","20"
"Redactio","2018","685","2"
"osmapis/","2015","676","2"
"gnome-ma","2016","675","247"
"upload.p","2016","672","4"
"carmenho","2017","666","1"
"OsmAnd N","2017","650","11"
"RevertUI","2019","645","83"
"Redactio","2017","633","1"
"BikeOtta","2020","619","1"
"osmtools","2015","615","28"
"RawEdit","2015","613","122"
"Services","2018","611","8"
"iD 1.8.1","2017","608","14"
"RevertUI","2017","601","58"
"SviMik","2019","601","1"
"TrashApp","2019","596","66"
"RevertUI","2020","593","119"
"JOSM 1.6","2015","590","5"
"MapThePa","2020","582","19"
"iD 1.6.2","2015","581","4"
"RawEdit","2017","561","148"
"Zazolc 2","2020","559","2"
"osmtools","2020","557","15"
"osmapi","2019","549","1"
"CanApp","2020","548","1"
"MapContr","2016","546","97"
"Brick","2016","525","49"
"Osm Go! ","2018","524","46"
"osmapis/","2017","521","1"
"geoBingA","2018","519","22"
"OsmAndF~","2017","519","21"
"bulk_upl","2016","517","3"
"OpenVege","2019","510","1"
"zażółć 2","2017","507","1"
"iD 2.7.1","2018","497","2"
"Go Map!!","2020","491","20"
"simple_r","2018","488","22"
"Indic la","2015","474","1"
"zażółć 4","2018","468","1"
"Redactio","2016","458","1"
"Healthsi","2020","452","142"
"addr2osm","2018","451","1"
"PLanes 0","2019","446","69"
"TÜpedia/","2018","439","1"
"OpenBeer","2019","437","5"
"osmapis/","2018","435","1"
"arizonai","2017","428","2"
"Jungle B","2017","422","100"
"Abakus S","2019","417","1"
"OpenMapK","2016","414","2"
"Jungle B","2018","410","79"
"FireYak","2016","409","21"
"Redactio","2019","408","2"
"MapThePa","2019","398","14"
"BikeOtta","2018","394","1"
"Route4U","2016","381","1"
"archINFO","2018","381","1"
"MapThePa","2018","375","15"
"CityZen ","2018","375","65"
"Abakus S","2018","374","1"
"ComRAD","2016","366","12"
"simple_r","2019","364","11"
"Emmanuel","2018","359","2"
"Node.js","2020","358","1"
"Geocropp","2020","350","15"
"iD 2.3.2","2017","349","2"
"wikidata","2016","338","1"
"osmapi","2020","334","1"
"Route4U","2018","333","1"
"zażółć 5","2018","321","1"
"mobileme","2015","320","1"
"OpenRecy","2019","316","30"
"PeanutBu","2019","314","1"
"MMWatch ","2016","312","23"
"OpenMaps","2015","312","182"
"OpenStre","2015","310","20"
"iD 1.8.1","2016","302","9"
"Grass_an","2016","297","43"
"iD 2.2.1","2017","296","1"
"LoPoi 1.","2020","295","20"
"OpenMaps","2016","285","99"
"OsmInEdi","2019","285","38"
"Rocketda","2020","282","4"
"API 0.6","2017","274","12"
"Rocketda","2019","271","4"
"Perlscri","2015","268","1"
"Tracks E","2015","266","37"
"Abakus S","2020","265","1"
"zażółć 3","2018","264","1"
"zażółć 1","2017","262","1"
"BitcoinM","2015","262","1"
"OSM Conf","2019","261","10"
"zażółć 3","2017","258","1"
"zażółć 7","2018","258","1"
"JollyTri","2020","256","1"
"OSMUpdat","2017","255","1"
"CorinaM2","2016","253","1"
"BikeOtta","2019","251","1"
"Brick","2017","244","20"
"API 0.6","2018","243","12"
"stormer","2016","242","1"
"OpenVege","2017","240","1"
"iD 2.2.2","2017","238","1"
"Tabriz S","2017","238","1"
"barnehag","2018","235","1"
"Derivist","2018","234","45"
"upload.p","2020","234","1"
"My Openi","2015","234","70"
"OSM Conf","2018","230","11"
"JOSM 1.6","2018","228","8"
"zażółć 8","2018","227","1"
"RawEdit","2018","220","63"
"Jungle B","2019","218","44"
"barnehag","2017","217","1"
"Redactio","2015","215","1"
"CODAP 0.","2018","214","24"
"osmuploa","2015","214","2"
"iD 2.6.1","2018","213","1"
"YAPIS (2","2016","211","27"
"OSM+Wiki","2017","209","10"
"SketchOS","2019","208","87"
"restore-","2017","204","10"
"zażółć 9","2019","200","1"
"Node.js ","2020","199","1"
"iD 2.5.1","2017","194","1"
"Wemapp S","2017","194","3"
"iD 2.0.2","2017","193","1"
"OSM Micr","2018","192","1"
"Tracks E","2017","191","6"
"tpircs 0","2015","191","1"
"OSMyBiz","2019","191","109"
"SpotOn","2016","191","3"
"Tagger","2017","190","1"
"iD 2.5.1","2018","190","1"
"POI Pond","2015","186","9"
"RevertUI","2016","185","23"
"OsmAnd N","2020","185","4"
"Abakus S","2017","185","1"
"OSMyBiz","2020","184","77"
"Citypedi","2017","183","1"
"JOSM 1.6","2017","183","6"
"OpenStre","2016","182","12"
"iD 2.4.1","2017","177","2"
"Healthsi","2019","176","29"
"CODAP 0.","2017","175","11"
"Sisyphus","2016","171","1"
"zażółć 9","2018","169","1"
"simple_r","2016","169","11"
"Samo_Ani","2016","158","1"
"bulk_upl","2015","155","6"
"OpenMapK","2017","154","2"
"SC_extra","2017","153","1"
"FreieTon","2016","150","3"
"YMM","2018","146","1"
"Mapbudo","2015","145","5"
"Data4All","2015","145","9"
"OpenVege","2020","144","1"
"David Ni","2019","143","1"
"restore-","2019","143","8"
"YAPIS (2","2017","142","25"
"OSMapTun","2015","141","41"
"wikipost","2016","141","1"
"SketchOS","2018","141","60"
"carmenho","2016","140","1"
"OsmAnd 1","2016","138","16"
"iD 2.3.1","2017","137","3"
"jacopo b","2017","137","1"
"CCTVMap","2016","134","3"
"barnehag","2019","134","1"
"MMWatch ","2018","130","7"
"Sparkass","2015","130","2"
"JOSM 1.6","2016","127","3"
"Osmaxil","2017","126","1"
"MMWatch ","2017","126","13"
"Sisyphus","2017","125","1"
"osm2go v","2019","123","1"
"ITOybbag","2016","122","1"
"TeeGschw","2015","121","1"
"Tabriz S","2018","120","1"
"CityZen ","2019","119","50"
"peundeme","2015","118","7"
"Kort (os","2016","117","1"
"osm-elem","2017","115","1"
"Data4All","2017","115","48"
"Kort (os","2017","114","1"
"Symtech ","2019","113","1"
"Jungle B","2020","111","31"
"CityZen ","2017","111","32"
"WITT WEI","2015","110","1"
"OpenBeer","2020","109","4"
"schools.","2017","109","3"
"ssr-api ","2017","109","1"
"archINFO","2020","109","1"
"My Openi","2016","108","37"
"iD 2.1.2","2017","107","1"
"10tora","2016","107","1"
"BusLanes","2020","105","7"
"Firehydr","2018","105","1"
"Route4U","2019","104","1"
"finde.ca","2017","104","7"
"OsmAnd N","2019","103","7"
"zażółć 0","2017","103","1"
"Observe-","2019","102","5"
"me","2017","100","2"
"GrassCla","2015","100","1"
"PieterVd","2020","98","2"
"OpenCity","2017","98","3"
"Beeers","2016","98","1"
"mariakla","2016","96","1"
"gnome-ma","2015","96","2"
"ExploreM","2016","96","1"
"simple_r","2017","93","14"
"upload.p","2015","91","7"
"iD 2.6.0","2018","88","1"
"COFFEEDE","2015","88","37"
"What's N","2018","87","7"
"Brick","2018","87","10"
"UOTFGTES","2018","86","1"
"StreetCo","2016","86","7"
"OpenVege","2016","86","1"
"OpenSide","2018","85","5"
"Nearby E","2019","85","10"
"GNU Emac","2015","84","1"
"places-o","2015","84","2"
"Climb Th","2020","84","2"
"osmapi/0","2019","82","4"
"Tabriz S","2016","82","1"
"OSM Chec","2016","82","2"
"Osm Go! ","2017","80","2"
"Volksban","2015","79","6"
"Pro Seni","2015","78","1"
"Geo Soci","2016","77","2"
"osm2go v","2018","77","2"
"OsmAndF~","2015","76","19"
"Kort (os","2015","76","1"
"geoMapTo","2017","76","25"
"mapthis.","2015","75","1"
"Sisyphus","2018","74","1"
"SketchOS","2020","73","16"
"JOSM","2019","72","10"
"CanApp","2019","72","1"
"OSMSpeed","2015","71","1"
"Rudomap","2015","71","7"
"OpenFire","2015","71","3"
"ExploreP","2018","70","1"
"Tracks E","2016","70","8"
"schleuss","2016","69","1"
"Wemapp(3","2020","68","2"
"restore-","2018","67","12"
"od2osm","2020","67","5"
"iD 2.8.0","2018","65","2"
"IV 1.61","2019","65","2"
"www.forw","2015","64","1"
"Aure1ius","2015","63","1"
"OSM Micr","2017","61","2"
"OsmAnd 2","2020","60","9"
"OpenRecy","2020","60","18"
"geoBingA","2017","59","8"
"Wemapp S","2016","59","1"
"ipopa","2019","58","2"
"PLanes 0","2020","58","19"
"FreieTon","2017","58","2"
"poism","2018","57","5"
"acme osm","2018","57","1"
"Nearby E","2020","56","8"
"iD 2.10.","2018","56","1"
"OnVacati","2017","55","1"
"ANSAR VD","2016","54","1"
"Climb Th","2018","54","2"
"TrashApp","2020","54","6"
"SpotOn","2017","53","4"
"Bus Cont","2017","52","16"
"Osm Go! ","2016","52","2"
"Bucherer","2015","50","25"
"Osmaxil","2015","50","1"
"Barriere","2018","50","2"
"COSM 0.0","2015","49","1"
"Drinking","2016","49","7"
"OuterSpa","2015","49","2"
"OSMUpdat","2018","48","1"
"singletr","2020","48","1"
"hossaini","2016","47","1"
"iD 2.7.0","2018","47","1"
"Kort (os","2018","47","1"
"Cito2016","2016","46","1"
"My Openi","2017","46","20"
"UTK Data","2020","46","1"
"Zazolc 1","2020","46","1"
"finde.ca","2018","45","6"
"YAPIS (2","2018","45","13"
"San Seve","2019","44","1"
"iD 2.8.1","2018","43","1"
"ROGERRE","2016","43","1"
"CorinaM2","2017","42","1"
" Barrier","2018","41","3"
"iD 2.9.2","2018","41","2"
"Citypedi","2016","41","1"
"iD 1.5.4","2015","40","3"
"Sisyphus","2020","39","1"
"osm2go v","2017","39","2"
"iD 2.2.0","2017","39","1"
"osmuploa","2019","39","1"
"OsmAnd 0","2015","38","1"
"parvez12","2016","38","1"
"OpenMaps","2017","37","28"
"BusLanes","2018","36","3"
"gpxhydra","2017","36","1"
"Beate Uh","2015","36","1"
"AndreiTu","2020","36","1"
"barnehag","2020","36","1"
"SearchAr","2016","36","1"
"osm2go v","2020","35","2"
"Sisyphus","2019","34","1"
"togasela","2016","33","1"
"Drinking","2018","33","5"
"glory032","2016","33","1"
"Md Razza","2016","33","1"
"Wemapp S","2018","33","3"
"YMM","2017","33","4"
"Busy Hou","2019","33","12"
"SmartSea","2015","32","3"
"OSM Chec","2015","32","4"
"DOSM","2016","32","1"
"Drinking","2017","32","4"
"Wolford ","2015","31","1"
"Grass an","2015","31","3"
"ricsnog","2017","31","1"
"RoofMapp","2017","31","7"
"JOSM 803","2015","31","1"
"P D Qoro","2016","31","1"
"ibrahim2","2016","30","1"
"TestApp","2015","30","1"
"Nearby E","2018","29","2"
"DOSM","2015","29","2"
"Fahim Ha","2016","29","1"
"OSM Conf","2020","29","6"
"jay yava","2016","29","1"
"RoofMapp","2019","29","10"
"My Openi","2018","28","7"
"zażółć 1","2020","28","1"
"Geoporta","2020","28","6"
"OSM Buil","2018","28","4"
"Versiche","2015","28","25"
"CheckAut","2015","28","1"
"nsr2osm ","2019","27","1"
"wemapp","2016","27","3"
"Derivist","2019","27","8"
"AddisMap","2019","27","4"
"Open Hyd","2015","27","5"
"Milika","2016","27","1"
"Climb Th","2019","27","3"
"Go Map!!","2019","26","9"
"roselyn7","2016","26","1"
"Data4All","2016","26","19"
"Stek JOS","2019","26","1"
"OSMUpdat","2020","26","1"
"JOSM","2018","26","9"
"poism","2020","26","7"
"wikipost","2015","25","1"
"OsmAndF~","2018","25","2"
"user","2017","25","1"
"Busy Hou","2020","25","5"
"iD 2.3.0","2017","25","1"
"ComRAD","2017","25","1"
"OsmAnd 1","2017","24","7"
"iD 2.8.2","2018","24","1"
"restore-","2016","24","8"
"acme osm","2020","24","1"
"CityZen","2017","24","5"
"HouseNum","2017","24","4"
"GummuFor","2019","23","1"
"Route4U","2020","23","1"
"cap4acce","2015","23","2"
"-","2018","23","4"
"What's N","2019","23","8"
"manual","2018","23","2"
"Autohaus","2015","23","11"
"Barriere","2019","23","4"
"Drinking","2015","22","4"
"Dr. Z Za","2015","22","1"
"places-o","2019","22","1"
"BKK VBU","2015","22","3"
"iD 2.5.0","2017","22","1"
"Go info ","2018","22","4"
"Mapzen P","2015","22","9"
"Changese","2015","22","1"
"wendenzo","2015","22","1"
"duronto","2016","22","1"
"Swiss Pe","2016","21","1"
"LoPoi 1.","2019","21","3"
"PlaceMak","2018","21","4"
"COSM 0.0","2016","21","1"
"CityZen ","2020","21","7"
"Cualbond","2018","21","1"
"Cycle Ma","2020","20","1"
"Data4All","2018","20","9"
"What's N","2017","20","1"
"Route4U ","2016","20","1"
"Tracks E","2018","20","4"
"Liberty ","2015","20","1"
"PlaceMak","2017","20","3"
"MOS Webi","2018","20","1"
"nds.wp T","2018","19","1"
"Adooyy","2016","19","1"
"poism","2019","19","2"
"Sabina u","2016","19","1"
"shed 0.1","2016","19","1"
"ourson","2018","18","1"
"OSMyBiz","2018","18","6"
"Planet E","2017","18","1"
"simple_r","2020","18","4"
"Kikimora","2015","18","1"
"Geosocia","2016","18","1"
"SearchAr","2017","17","1"
"rraaddaa","2016","17","1"
"hurden","2016","17","1"
"gpxhydra","2016","17","1"
"Allianz ","2015","17","1"
"ABS-SAY","2016","17","1"
"FixKarls","2016","17","1"
"cartomob","2020","17","1"
"AddisMap","2018","17","2"
"iD 2.4.3","2017","16","1"
"OSM-Rela","2015","16","7"
"nsr2osm ","2020","16","1"
"curl","2015","16","1"
"Icarto, ","2016","16","1"
"http://l","2016","16","2"
"Pio Gaet","2015","16","1"
"Osmosis","2017","16","1"
"DEVK-Hau","2015","16","1"
"CAI","2015","16","1"
" Barrier","2019","16","2"
"Angular-","2016","16","1"
"JaniKoiv","2018","16","1"
"Superadl","2016","16","1"
"aaronsta","2017","16","1"
"bspotted","2015","16","1"
"GLS-67","2017","16","1"
"OsmAndG~","2016","15","4"
"TA8884","2016","15","1"
"romain","2018","15","4"
"wendenzo","2016","15","1"
"bulk_upl","2017","15","1"
"OSMUpdat","2019","15","1"
"Tag Edit","2016","15","2"
"freemap.","2016","15","8"
"finde.ca","2019","15","5"
"Pro-Insi","2017","15","1"
"Derag Li","2015","14","1"
"ATSR Edi","2020","14","1"
"SmartSea","2016","14","3"
"freemap.","2015","14","6"
"OSM-Rela","2017","14","2"
"ExploreM","2015","14","1"
"COFFEEDE","2016","14","7"
"FixStraß","2016","14","1"
"Technoko","2018","14","1"
"Yo Gis","2015","14","1"
"مکانیاب ","2020","13","1"
"Victor's","2015","13","1"
"wikipost","2017","13","1"
"Karen071","2016","13","1"
"API 0.6","2019","13","7"
"iD 2.9.0","2018","13","1"
"OSM Hydr","2015","13","1"
"CCTVMap","2017","13","1"
"Cafe Bou","2015","13","1"
"Buddabre","2018","13","1"
"iD 2.1.1","2017","13","1"
"539h","2015","13","1"
"Softek.i","2017","12","1"
"Rechtsan","2015","12","3"
"osm-bank","2017","12","1"
"","2020","12","2"
"OsmInEdi","2020","12","9"
"-","2016","12","4"
"Synup","2015","12","1"
"C:\Users","2015","12","1"
"mumpot 0","2015","12","1"
"RoofMapp","2016","12","2"
"Shaplakh","2016","12","1"
"Mapcat 0","2018","11","7"
"fergsarm","2016","11","1"
"Restaura","2015","11","11"
"Zahnarzt","2015","11","7"
"iLOE 1.9","2015","11","4"
"Populate","2019","11","3"
"hurden","2017","11","1"
"BKK DEMA","2015","11","1"
"Pro-Insi","2016","11","1"
"iD 2.1.0","2017","11","1"
"Manon&Qu","2015","11","1"
"mdshamim","2016","11","1"
"OsmAnd 1","2018","11","4"
"Smart-Uf","2018","11","1"
"MapContr","2015","11","3"
"Refill S","2019","11","1"
"slayer@G","2016","11","1"
"Fabio","2015","11","1"
"barnehag","2016","11","1"
"ATSR Edi","2017","11","1"
"ANSAR VD","2017","11","1"
"JOSM","2015","11","4"
"Lemeki V","2016","10","1"
"rraaddaa","2015","10","1"
"java_1.8","2020","10","1"
"Residenz","2015","10","1"
"streetwo","2016","10","1"
"rahino(ر","2018","10","5"
"Volkswag","2015","10","1"
"2350743 ","2015","10","1"
"hossaini","2017","10","1"
"Lolotora","2016","10","1"
"Mainzer ","2015","10","1"
"actimond","2015","10","1"
"Fahrschu","2015","10","4"
"BauGrund","2015","10","1"
"mimakter","2016","10","1"
"rahino(ر","2017","9","4"
"Open Sur","2017","9","2"
"Planet E","2019","9","3"
"sheikkil","2018","9","1"
"gloslad","2016","9","1"
"mimakter","2017","9","1"
"wemapp","2017","9","3"
"restore-","2020","9","6"
"JOSM (79","2015","8","1"
"XmaX ios","2017","8","3"
"abc nail","2015","8","1"
"XmaX and","2017","8","5"
"SviMik","2020","8","1"
"cjwind","2017","8","1"
"ccca00","2017","8","1"
"OSM Edit","2015","8","1"
"vickykum","2015","8","2"
"manual r","2017","8","1"
"JOSM","2017","8","3"
"Pearl Ma","2016","8","3"
"Parfümer","2015","8","2"
"bulk_upl","2018","8","4"
"Physioth","2015","8","8"
"BusLanes","2019","8","4"
"manual H","2017","8","1"
"Fraunhof","2015","8","1"
"Thermond","2015","8","1"
"mariakla","2017","8","1"
"Alteryx","2020","7","1"
"Tabroz S","2016","7","1"
"atora","2016","7","1"
"詹竣硯","2016","7","1"
"osm-tool","2015","7","2"
"Perl mod","2017","7","1"
"parceco","2017","7","1"
"iD 2.14.","2019","7","3"
"Aseri","2016","7","1"
"shahadat","2017","7","1"
"osm-tool","2016","7","1"
"VAG Stat","2017","7","1"
"sikaSimp","2015","7","1"
"POI Coll","2015","7","5"
"Map Ques","2017","7","1"
"SenVital","2015","7","1"
"BioZell ","2015","7","7"
"iD 2.4.2","2017","7","1"
"HouseNum","2015","7","2"
"die Plus","2015","7","1"
"GummuFor","2020","7","1"
"finde.ca","2020","7","2"
"Mapcat 0","2017","7","5"
"Praxis f","2015","7","7"
"Open Hyd","2016","7","2"
"OSM Conf","2017","7","2"
"geoMapTo","2016","6","5"
"OSMPOIEd","2017","6","1"
"Bembé Pa","2015","6","1"
"Citypedi","2018","6","1"
"Stekki (","2019","6","1"
"Melik198","2016","6","1"
"Schlüsse","2015","6","6"
"names.os","2015","6","1"
"AroundMe","2015","6","2"
"inlingua","2015","6","1"
"ziflo","2015","6","1"
"Steuerbe","2015","6","6"
"Карты На","2018","6","1"
"abbas ka","2016","6","1"
"osmCorre","2017","6","1"
"賴信良","2016","6","1"
"not MAPS","2017","6","1"
"AWSbot","2015","6","1"
"OpenStre","2018","6","1"
"mapthis.","2017","6","6"
"ReachLoc","2015","6","1"
"Kikimora","2016","6","1"
"GeoSocia","2016","6","1"
"JOSM","2016","6","5"
"http://l","2020","6","2"
"David Pé","2020","6","1"
"Disable ","2018","6","1"
"mheimhei","2016","6","1"
"Juwelier","2015","6","6"
"Map The ","2018","5","1"
"togaasel","2016","5","1"
"XmaX and","2016","5","1"
"shed 0.2","2017","5","1"
"osmbot 0","2020","5","1"
"OSM Chec","2017","5","1"
"Addxy","2016","5","1"
"abel1973","2016","5","1"
"ITOybbag","2017","5","1"
"rraaddaa","2020","5","1"
"Hanttn","2017","5","1"
"Marc O' ","2015","5","1"
"ID 2.1.3","2017","5","1"
"Live Con","2019","5","1"
"JOSM","2020","5","4"
"ALLROUND","2015","5","1"
"Angular-","2017","5","1"
"Mapzen P","2016","5","4"
"wemapp","2018","5","3"
"aaronsta","2019","5","1"
"Populate","2018","5","1"
"Карты На","2020","5","1"
"Wemapp(3","2019","5","1"
"ed. w ję","2016","5","1"
"ERIK DAR","2016","5","1"
"enavarre","2015","5","1"
"Senioren","2015","5","4"
"IamColle","2016","5","1"
"Gaurav","2015","5","1"
"shed 0.2","2016","5","1"
"OsmAnd 1","2020","5","1"
"SearchAr","2018","5","1"
"Open Sur","2016","5","1"
"UVR conn","2015","5","1"
"iCarto p","2016","5","1"
"Chartis ","2019","5","1"
"S-Immobi","2015","5","1"
"Itachi25","2017","5","1"
"Wir-sind","2015","5","1"
"res_test","2015","5","1"
"ID 1.7.1","2015","4","1"
"BKK S-H","2015","4","1"
"rahino(ر","2019","4","2"
"OsmAnd 1","2019","4","2"
"level0","2019","4","1"
"vsickyku","2015","4","1"
"OpenPlac","2020","4","1"
"MS Paint","2016","4","1"
"Fabrizio","2019","4","1"
"iD 2.9.1","2018","4","1"
"app","2016","4","1"
"EzekielT","2016","4","1"
"Aramendi","2015","4","1"
"Dr. Schu","2015","4","1"
"Primacom","2015","4","2"
"Jothirna","2015","4","1"
"Brandenb","2015","4","1"
"posiki_p","2020","4","1"
"Dr. med.","2015","4","3"
"Geothing","2016","4","2"
"snipemuc","2016","4","1"
"0c744c98","2017","4","1"
"ID 2.0.2","2017","4","1"
"Chidubem","2019","4","1"
"gpxhydra","2018","4","1"
"CORPUS S","2015","4","1"
"Vito's","2015","4","1"
"Planet E","2018","4","2"
"","2018","4","1"
"Jeremilk","2019","4","1"
"not MAPS","2018","4","1"
"altair_9","2016","4","1"
"MasterSe","2017","4","1"
"LLDK Sch","2015","4","1"
"coindero","2015","4","1"
"Taras Vo","2016","4","2"
"Shaplakh","2017","4","1"
"Kanzlei ","2015","4","2"
"小璋流同步機器人","2015","4","1"
"","2017","4","1"
"Firehydr","2019","4","1"
"osmapi/0","2020","3","2"
"Brass ra","2016","3","1"
"Fabien R","2017","3","1"
"Pension ","2015","3","3"
"Feldenkr","2015","3","3"
"enzie","2016","3","1"
"AlivetaQ","2016","3","1"
"www.yaho","2016","3","1"
"Kosmetik","2015","3","3"
"akb-rena","2017","3","1"
"ZH Tuhin","2017","3","1"
"OsmAnd","2018","3","1"
"Computer","2015","3","3"
"SK","2015","3","1"
"OpenFire","2017","3","1"
"林坊羽","2016","3","1"
"rraaddaa","2019","3","1"
"Go info ","2017","3","1"
"Celltrad","2015","3","1"
"Andreas ","2015","3","3"
"thatajoy","2016","3","1"
"0511220","2016","3","1"
"GOOSM","2017","3","2"
"OpenStre","2019","3","1"
"Brillenw","2015","3","2"
"Island G","2015","3","1"
"OSMPOIEd","2015","3","1"
"samy.bou","2015","3","1"
"مکانیاب ","2019","3","1"
"ID 1.7.3","2015","3","1"
"Mobius01","2016","3","1"
"API 0.6","2020","3","1"
"sulibats","2015","3","1"
"idoleat","2016","3","1"
"G_Mohamm","2017","3","1"
"kwndy","2020","3","1"
"bab68a70","2017","3","1"
"Cvillama","2016","3","1"
"GeoThing","2017","3","1"
"Apotheke","2015","3","3"
"Paky","2016","3","1"
"Christia","2015","3","3"
"l0cKy","2017","3","1"
"XmaX and","2018","3","1"
"Adooyy","2017","3","1"
"Street C","2016","3","1"
"aaronsta","2018","3","1"
"simple-r","2016","3","1"
"william0","2016","3","1"
"OuterSpa","2016","3","2"
"bhousel","2015","3","1"
"DjBpF vi","2020","3","1"
"Test Scr","2015","3","1"
"Zulfiqar","2016","3","1"
"OsmPipel","2019","3","1"
"bobdurie","2019","3","1"
"mapthis.","2016","3","3"
"COFFEEDE","2019","3","3"
"Augenopt","2015","3","3"
"Gasthaus","2015","3","3"
"aaronsta","2015","3","1"
"anggabay","2016","3","1"
"geoMappe","2016","3","2"
"Jani","2018","3","1"
"kwndy;JO","2020","3","1"
"Mapzen P","2017","3","3"
"Rosm","2015","3","1"
"PUT HTTP","2020","3","1"
"TakeABre","2017","3","1"
"ExploreP","2019","3","3"
"ashraffu","2015","3","1"
"Immobili","2015","3","3"
"barnehag","2015","3","1"
"tranhuon","2020","2","1"
"Baumgart","2015","2","1"
"JOSM/ver","2015","2","2"
"Florian ","2016","2","1"
"Eastport","2015","2","1"
"Tierarzt","2015","2","2"
"egeotech","2016","2","1"
"XmaX ios","2016","2","1"
"duronto","2017","2","1"
"Jerico R","2017","2","1"
"TK1-25","2018","2","1"
"aboges26","2017","2","1"
"RaMaDaSa","2017","2","1"
"Easymapp","2015","2","1"
"ff5722","2016","2","1"
"Rbcp","2017","2","1"
"Silvia E","2016","2","1"
"Võ Hoàng","2017","2","1"
"ID 7","2015","2","1"
"CGImap 0","2015","2","1"
"何冠廷","2016","2","1"
"彭嘉勳","2016","2","1"
"Sebastie","2015","2","2"
"Hyunnie","2016","2","1"
"EZ Flush","2015","2","1"
"Möbel Ke","2015","2","1"
"Adem ZUB","2016","2","1"
"Heiko Kl","2015","2","1"
"San Seve","2018","2","1"
"subVert ","2015","2","2"
"MTyrrell","2017","2","1"
"Sonnenst","2015","2","1"
"Temple E","2015","2","1"
"Mus 845 ","2015","2","1"
"MK Elect","2015","2","1"
"Võ Đăng ","2017","2","1"
"rexzde","2016","2","1"
"All Affo","2015","2","1"
"mip","2015","2","1"
"Donegals","2015","2","2"
"requiem_","2017","2","1"
"Cancún R","2015","2","2"
"Osmic (b","2019","2","1"
"OSMCompa","2018","2","1"
"ESSO Sta","2015","2","2"
"Mobile W","2015","2","1"
"Created ","2018","2","1"
"Pearl Ma","2017","2","2"
"Andruvv,","2017","2","1"
"ff5722","2017","2","1"
"Wall Str","2015","2","1"
"Osmaxil ","2015","2","1"
"Malerbet","2015","2","2"
"iD 2.12","2017","2","1"
"Osmosis","2015","2","1"
"Go Map","2018","2","1"
"richardy","2016","2","1"
"Speed-Fi","2015","2","1"
"test_app","2018","2","1"
"AddisMap","2017","2","1"
"Sabina u","2017","2","1"
"Ferienwo","2015","2","2"
"24h Notd","2015","2","1"
"www.forw","2016","2","1"
"Joey's P","2015","2","1"
"張瀚文","2016","2","1"
"OVRDC","2017","2","1"
"Damir Čr","2018","2","1"
"Contactl","2015","2","2"
"OpenFire","2018","2","1"
"Smartpho","2015","2","1"
"Recht - ","2015","2","1"
"manual","2019","2","1"
"Brillen ","2015","2","2"
"KleptoCo","2015","2","1"
"JOSM/803","2015","2","1"
"OSM-Rela","2016","2","2"
"Southern","2015","2","1"
"zon 20.0","2017","2","1"
"PT's Pub","2015","2","1"
"OSMTools","2016","2","1"
"Five Sta","2015","2","1"
"bubicro","2020","2","1"
"forwalk.","2015","2","1"
"Mapzen P","2018","2","2"
"Chartiss","2019","2","1"
"Map_Geek","2020","2","1"
"seo-nerd","2015","2","2"
"Fixing r","2019","2","1"
"Abdullah","2020","2","1"
"iD 2.02","2017","2","1"
"acme OSM","2020","2","1"
"postgis","2015","2","1"
"LD","2020","2","1"
"Syarofin","2015","2","1"
"Dr. med ","2015","2","1"
"Stek JOS","2020","2","1"
"smafroza","2017","2","1"
"Krisman","2017","2","1"
"CBR_","2017","2","1"
"Alexande","2015","2","2"
"Ihr Zahn","2015","2","1"
"Victor’s","2015","2","1"
"Welshlad","2017","2","1"
"freemap.","2017","2","1"
"Unitymed","2015","2","1"
"Friseur ","2015","2","2"
"Marshall","2015","2","2"
"Una Pizz","2015","2","1"
"Uhrmache","2015","2","2"
"Planet E","2020","2","1"
"shahadat","2016","2","1"
"ptal_io","2017","2","1"
"Motorrad","2015","2","1"
"Ristoran","2015","2","1"
"iD 1.6.2","2018","2","1"
"Muammar1","2017","2","1"
"Hausverw","2015","2","2"
"brillian","2015","2","2"
"Campingp","2015","2","1"
"Raiffeis","2015","2","2"
"Auto Sch","2015","2","2"
"bash scr","2019","2","1"
"Landgast","2015","2","2"
"Israel H","2016","2","1"
"Surfaces","2015","2","1"
"Nikolay ","2019","2","1"
"Matha An","2019","2","1"
"MAPS.ME","2016","2","1"
"JOSM rev","2018","2","2"
"Cashmere","2015","2","1"
"gis","2015","2","1"
"iD 1.9.2","2016","2","1"
"ID","2018","2","1"
"0x539","2015","2","1"
"GOGOORI ","2017","2","1"
"OSM/1.5 ","2019","2","2"
"THERASPO","2015","2","1"
"OpenFire","2016","2","1"
"ID 7.1","2015","2","1"
"Mutzenba","2015","2","1"
"e p s - ","2015","2","1"
"Sherpafy","2015","2","2"
"IceEgg","2016","2","1"
"TELCOM I","2015","2","1"
"Nkirote/","2020","2","1"
"AllenYu","2017","2","1"
"Tapestry","2015","2","1"
"Stop Spa","2019","2","1"
"Titus Be","2015","2","1"
"HUMBOLDT","2015","2","1"
"賴緯倫","2016","2","1"
"reddy221","2016","2","1"
"Plus Adv","2015","2","1"
"GLAUX Wi","2015","2","1"
"TommySty","2017","2","1"
"Baierl S","2015","2","1"
"ASB Auto","2015","2","1"
"CLLB Rec","2015","2","1"
"Leidmann","2015","2","1"
"Raylife ","2015","2","1"
"Mein Sch","2015","2","2"
"ibrahim2","2017","2","1"
"Balenaga","2016","2","1"
"osm-tool","2017","2","1"
"Taxizent","2015","2","2"
"Shamaun","2017","2","1"
"Jafari","2016","2","1"
"Карты На","2019","2","1"
"Autodien","2015","2","1"
"slayer@G","2017","2","1"
"ADTV TAN","2015","2","1"
"Hotel Sp","2015","2","2"
"app","2018","2","1"
"Happy Na","2015","2","1"
"Portlatc","2017","2","1"
"Tiny Toe","2015","2","1"
"Gasthof ","2015","2","2"
"CERMEL(g","2016","2","1"
"Md Razza","2017","2","1"
"Navid Ho","2018","2","1"
"Hundesch","2015","1","1"
"Coaching","2015","1","1"
"DELTA OP","2015","1","1"
"Hölke PC","2015","1","1"
"AddisMap","2020","1","1"
"Die Köln","2015","1","1"
"Beauty L","2015","1","1"
"Autocent","2015","1","1"
"ID 2.2.1","2017","1","1"
"Fahrradk","2015","1","1"
"Meichau ","2015","1","1"
"Fabian F","2015","1","1"
"Connie's","2015","1","1"
"Mario Ro","2015","1","1"
"RapiD 1.","2020","1","1"
"Brandsch","2015","1","1"
"me","2016","1","1"
"@elpezBa","2018","1","1"
"Michael ","2015","1","1"
"BS-shops","2015","1","1"
"Meier Au","2015","1","1"
"hsu","2015","1","1"
"Classic ","2015","1","1"
"anooschk","2020","1","1"
"kevching","2019","1","1"
"CaMa","2018","1","1"
"Tölzer K","2015","1","1"
"""JOSM/1.","2018","1","1"
"MyOnlySh","2015","1","1"
"empactio","2015","1","1"
"Weinhand","2015","1","1"
"Collage ","2015","1","1"
"Cornelia","2015","1","1"
"Malermei","2015","1","1"
"iRepairs","2015","1","1"
"Frank Fe","2015","1","1"
"Škoda Ze","2015","1","1"
"nitz + n","2015","1","1"
"Psychiat","2015","1","1"
"Omneeea","2015","1","1"
"All Wood","2015","1","1"
"Power-So","2015","1","1"
"Elke`s A","2015","1","1"
"veig@ygg","2019","1","1"
"skate-ai","2015","1","1"
"Stormbre","2015","1","1"
"Martin P","2019","1","1"
"North So","2015","1","1"
"sparktou","2019","1","1"
"Dominant","2015","1","1"
"bamkel","2016","1","1"
"Natashki","2016","1","1"
"iLOE 1.9","2016","1","1"
"Jens Sch","2015","1","1"
"CompUser","2015","1","1"
"Fylip22","2018","1","1"
"fduvelso","2016","1","1"
"Miami Ma","2015","1","1"
"fokus me","2015","1","1"
"HEILENDE","2015","1","1"
"kaltuna","2016","1","1"
"Lautlos ","2015","1","1"
"nifan-OS","2015","1","1"
"Blackshe","2015","1","1"
"Tahala R","2015","1","1"
"Optikstu","2015","1","1"
"osx35ter","2017","1","1"
"Drei-Dac","2015","1","1"
"SP:HEKO","2015","1","1"
"LA Fitne","2015","1","1"
"Smart Re","2015","1","1"
"Futterki","2015","1","1"
"Firma Pe","2015","1","1"
"Einkaufs","2015","1","1"
"Diamant ","2015","1","1"
"XTremeGN","2015","1","1"
"Sicherhe","2015","1","1"
"Architek","2015","1","1"
"Biker´s ","2015","1","1"
"juthi jo","2016","1","1"
"Aachen B","2015","1","1"
"Cherry N","2015","1","1"
"孙冰峰","2017","1","1"
"Salesura","2015","1","1"
"Bau- und","2015","1","1"
"MAnon&Qu","2015","1","1"
"Schneide","2015","1","1"
"Hautärzt","2015","1","1"
"Yoga Vid","2015","1","1"
"MRS Gebä","2015","1","1"
"Best-Wes","2015","1","1"
"Ducati B","2015","1","1"
"Edgar Ca","2016","1","1"
"Autohaus","2017","1","1"
"Meerhof ","2015","1","1"
"Sadibou","2018","1","1"
"Tee Pago","2015","1","1"
"krein","2015","1","1"
"OSMFusio","2015","1","1"
"Il Pomod","2015","1","1"
"FreieTon","2018","1","1"
"Sander H","2015","1","1"
"Fahrrad ","2015","1","1"
"Medienpi","2015","1","1"
"Wertermi","2015","1","1"
";JOSM/1.","2019","1","1"
"Pierre M","2015","1","1"
"WoodnBra","2015","1","1"
"HAAR STE","2015","1","1"
"Berufs- ","2015","1","1"
"DEVK Zen","2015","1","1"
"POI Coll","2017","1","1"
"Depot 2","2015","1","1"
"Rothe Ga","2015","1","1"
"Immo Pro","2015","1","1"
"Bökamp S","2015","1","1"
"Peresito","2016","1","1"
"HÜGEL Im","2015","1","1"
"Kaiser-D","2015","1","1"
"Bratwurs","2015","1","1"
"Canes Pa","2015","1","1"
"UHD - Uw","2015","1","1"
"Müsing B","2015","1","1"
"Krzyszto","2020","1","1"
"Krankeng","2015","1","1"
"Acquerel","2015","1","1"
"matthias","2018","1","1"
"Chris Co","2020","1","1"
"Tanz-Län","2015","1","1"
"Leorios ","2017","1","1"
"RepairMa","2015","1","1"
"Niclinus","2015","1","1"
"SHBB Ste","2015","1","1"
"ExxonMob","2015","1","1"
"Handywel","2015","1","1"
"Altstadt","2015","1","1"
"MS Paint","2020","1","1"
"愛新覺羅玄燁","2016","1","1"
"Pro-Top ","2015","1","1"
"Blackjac","2015","1","1"
"Kiezschn","2015","1","1"
"Wurstwar","2015","1","1"
"Mirko Ga","2015","1","1"
"Zhiv","2019","1","1"
"PC Dokto","2015","1","1"
"Café Mor","2015","1","1"
"Reinigun","2015","1","1"
"Vitalpur","2015","1","1"
"Rollstuh","2015","1","1"
"Keksdeal","2015","1","1"
"BEST WES","2015","1","1"
"Sabrina'","2015","1","1"
"Sonnenkl","2015","1","1"
"Montt Kl","2015","1","1"
"Jack usi","2018","1","1"
"CravinVa","2015","1","1"
"Heike Ne","2015","1","1"
"Taxi Sch","2015","1","1"
"TechnikE","2015","1","1"
"Parkhote","2015","1","1"
"BG6GCZ u","2016","1","1"
"endreev","2018","1","1"
"Turboche","2015","1","1"
"Hans Laa","2015","1","1"
"Beau Jo'","2015","1","1"
"QUICKFIT","2015","1","1"
"osme v0.","2020","1","1"
"Aleixina","2015","1","1"
"Garten u","2015","1","1"
"Blau-Wei","2015","1","1"
"SEHENSWE","2015","1","1"
"Sondelpo","2015","1","1"
"vim","2019","1","1"
"ل","2019","1","1"
"Aaliyah ","2015","1","1"
"IAN-Akad","2015","1","1"
"Nadarzin","2015","1","1"
"megasoft","2015","1","1"
"AbacO Im","2015","1","1"
"24 Hour ","2015","1","1"
"Standort","2015","1","1"
"Gold- un","2015","1","1"
"Containe","2015","1","1"
"ABC Comp","2015","1","1"
"Family H","2015","1","1"
"westcyri","2016","1","1"
"Reiseage","2015","1","1"
"Miloose","2020","1","1"
"ITC KISM","2015","1","1"
"Optimahl","2015","1","1"
"Zum Hugo","2015","1","1"
"Syncsort","2015","1","1"
"bousrih.","2017","1","1"
"Copyshop","2015","1","1"
"CONZEPTp","2015","1","1"
"Schalker","2015","1","1"
"MH-Vermö","2015","1","1"
"JOSM;JOS","2016","1","1"
"Stefan G","2015","1","1"
"JOSM и r","2015","1","1"
"ARA;JOSM","2017","1","1"
"HugoDema","2020","1","1"
"tiago.ma","2017","1","1"
"MENZLER ","2015","1","1"
"Bela Pel","2015","1","1"
"Birk Bau","2015","1","1"
"OsmAnd","2019","1","1"
"Retro Be","2015","1","1"
"SearchAr","2020","1","1"
"Pro Top ","2015","1","1"
"Diputaci","2020","1","1"
"Eddie845","2019","1","1"
"free you","2015","1","1"
"Wolfgang","2015","1","1"
"-","2019","1","1"
"Dienstle","2015","1","1"
"Gewässer","2017","1","1"
"Gemeinnü","2015","1","1"
"JJJWegda","2015","1","1"
"Decimo G","2015","1","1"
"hair Exm","2015","1","1"
"Pro-Dent","2015","1","1"
"MAJA Exk","2015","1","1"
"Christin","2015","1","1"
"Eugen Sc","2015","1","1"
"Sanders ","2015","1","1"
"wirverbi","2015","1","1"
"RaumHand","2015","1","1"
"acme OSM","2019","1","1"
"Kampfspo","2015","1","1"
"bts sich","2015","1","1"
"Fair Sch","2015","1","1"
"VAMPyr d","2015","1","1"
"D.A.S. R","2015","1","1"
"Mentorin","2015","1","1"
"Geotiger","2020","1","1"
"Coastlin","2015","1","1"
"Vaughany","2017","1","1"
"Gaßner S","2015","1","1"
"New Time","2015","1","1"
"Hamburg ","2015","1","1"
"jacopo.b","2017","1","1"
"JUMP-Let","2015","1","1"
"GÜNTHER ","2015","1","1"
"Software","2015","1","1"
"PC Spezi","2015","1","1"
"Firma Sc","2015","1","1"
"Magicbra","2015","1","1"
"Hotel Re","2015","1","1"
"Pesaratt","2015","1","1"
"ID","2015","1","1"
"Das Schö","2015","1","1"
"On Vacat","2017","1","1"
"Nähwerks","2015","1","1"
"Elisa Ap","2017","1","1"
"Paper Ma","2015","1","1"
"IAC Grou","2015","1","1"
"COFFEEDE","2017","1","1"
"Doctor-m","2015","1","1"
"Schloss ","2015","1","1"
"Mediahel","2015","1","1"
"Deutsche","2015","1","1"
"RE/MAX B","2015","1","1"
"G+S EDV-","2015","1","1"
"Tierisch","2015","1","1"
"Generali","2015","1","1"
"CERMEL","2016","1","1"
"Renate B","2015","1","1"
"CLS Comp","2015","1","1"
"EVO Pizz","2015","1","1"
"Die Wolk","2015","1","1"
"Georg Kl","2015","1","1"
"Neutravo","2015","1","1"
"Archaon4","2020","1","1"
"Mobilest","2015","1","1"
"Helmut B","2015","1","1"
"phonemen","2015","1","1"
"MKV","2017","1","1"
"http://l","2018","1","1"
"IC-Medie","2015","1","1"
"Keskin S","2015","1","1"
"Bröker W","2015","1","1"
"Alexa's ","2015","1","1"
"philoro ","2015","1","1"
"Heye OMD","2015","1","1"
"HKS-ARTM","2015","1","1"
"MBRUCKER","2015","1","1"
"Physio-B","2015","1","1"
"lekker.b","2015","1","1"
"OsmAndF~","2019","1","1"
"Wing Tai","2015","1","1"
"Fitness ","2015","1","1"
"Mister J","2015","1","1"
"Wohnstif","2015","1","1"
"PepMedia","2015","1","1"
"ERCOME S","2015","1","1"
"Stekki J","2019","1","1"
"Autoserv","2015","1","1"
"Wilhelm ","2015","1","1"
"ed. w ję","2015","1","1"
"Marcus B","2017","1","1"
"Goliath ","2015","1","1"
"Airbrush","2015","1","1"
"Dinnerho","2015","1","1"
"Otavva K","2018","1","1"
"Rombelsh","2015","1","1"
"Makler f","2015","1","1"
"HiFi im ","2015","1","1"
"Beauty A","2015","1","1"
"Wasserla","2015","1","1"
"RA Raine","2015","1","1"
"Dirk Bec","2015","1","1"
"Detektiv","2015","1","1"
"10sec","2016","1","1"
"JOSM/2.5","2017","1","1"
"OSM","2018","1","1"
"Osmand 2","2019","1","1"
"Postman","2018","1","1"
"MANZAU B","2015","1","1"
"deluxe4d","2015","1","1"
"Di Fara ","2015","1","1"
"Maklerko","2015","1","1"
"Ruhepol ","2015","1","1"
"JOSM 799","2015","1","1"
"AQUAMON ","2015","1","1"
"Petrov4_","2016","1","1"
"Troy Pro","2015","1","1"
"Fahrrad.","2015","1","1"
"Rößle Fü","2015","1","1"
"mega Fah","2015","1","1"
"FUNKE Di","2015","1","1"
"sleepiej","2017","1","1"
"hk-marke","2015","1","1"
"Stege We","2015","1","1"
"Icarto. ","2016","1","1"
"AM Desso","2015","1","1"
"Ernährun","2015","1","1"
"Auto Hor","2015","1","1"
"maPralin","2015","1","1"
"Gustare2","2015","1","1"
"黃騏慧","2016","1","1"
"Erotik T","2015","1","1"
"Marcel M","2016","1","1"
"Zooparad","2015","1","1"
"Roy S","2017","1","1"
"Rafael S","2016","1","1"
"ILP-Fach","2015","1","1"
"FARBDesi","2015","1","1"
"DELLCOM ","2015","1","1"
"Feh-Wa E","2015","1","1"
"Optiker ","2015","1","1"
"Domgrund","2015","1","1"
"CarUnion","2015","1","1"
"Tachmazi","2017","1","1"
"HHM Dien","2015","1","1"
"Ramon No","2019","1","1"
"Pamukkal","2015","1","1"
"chuckliu","2016","1","1"
"mhartman","2015","1","1"
"Hotel „s","2015","1","1"
"Linux Fe","2019","1","1"
"KLP Baum","2015","1","1"
"Beeers","2017","1","1"
"pinuspro","2018","1","1"
"OSM Buil","2019","1","1"
"Steuerbü","2015","1","1"
"ANDERMAN","2015","1","1"
"Schreine","2015","1","1"
"PCA Wran","2015","1","1"
"Nazar Ma","2015","1","1"
"Rabatti ","2015","1","1"
"AWF Agen","2015","1","1"
"CASA-WER","2015","1","1"
"enolp","2016","1","1"
"Dachdeck","2015","1","1"
"Frieden ","2015","1","1"
"MFM-Halb","2015","1","1"
"Solvay S","2015","1","1"
"Hotel Te","2015","1","1"
"property","2015","1","1"
"pundr me","2015","1","1"
"Seeger A","2015","1","1"
"Lehranst","2015","1","1"
"ybis57","2016","1","1"
"gastwirt","2015","1","1"
"JOSM/Nki","2020","1","1"
"Porters","2015","1","1"
"kmedia","2015","1","1"
"Amateras","2015","1","1"
"Marc O'P","2015","1","1"
"Cafe","2015","1","1"
"Dr.med. ","2015","1","1"
"Chimney ","2015","1","1"
"Damo Sec","2015","1","1"
"Das Wass","2015","1","1"
"HTTP req","2016","1","1"
"Omneeea ","2015","1","1"
"ID 2.10.","2018","1","1"
"Fromaget","2015","1","1"
"Exquisit","2015","1","1"
"Peine-Ve","2015","1","1"
"balkhmog","2018","1","1"
"Pfeiffer","2015","1","1"
"Decher R","2015","1","1"
"SimoRivo","2019","1","1"
"Traumnet","2015","1","1"
"Electric","2015","1","1"
"Schlank ","2015","1","1"
"Jäger Im","2015","1","1"
"no MAPS.","2017","1","1"
"Praxis S","2015","1","1"
"HTTP Cli","2016","1","1"
"aqua Geb","2015","1","1"
"Food & W","2015","1","1"
"JOSM (92","2016","1","1"
"ami.go P","2015","1","1"
"Kopierer","2015","1","1"
"Multi-Ex","2015","1","1"
"Linesman","2020","1","1"
"Bonali","2015","1","1"
"Alexande","2019","1","1"
"Bernhard","2015","1","1"
"UBL Inte","2015","1","1"
"asadahmd","2017","1","1"
"me","2020","1","1"
"3237","2017","1","1"
"Abgedreh","2015","1","1"
"Ferienha","2015","1","1"
"Werbetec","2015","1","1"
"Zieroth ","2015","1","1"
"BH Tech ","2015","1","1"
"Nicolas ","2018","1","1"
"ID 1.7","2015","1","1"
"Anupama ","2015","1","1"
"LivingWe","2015","1","1"
"Golfpark","2015","1","1"
"Der Rad ","2015","1","1"
"Some Inc","2015","1","1"
"RepSepp ","2015","1","1"
"Rockin' ","2015","1","1"
"Pythagor","2015","1","1"
"Edytor w","2015","1","1"
"Barry be","2015","1","1"
"Posthote","2015","1","1"
"Green Ca","2015","1","1"
"Emi","2019","1","1"
"Denis","2015","1","1"
"Elektro ","2015","1","1"
"niki Opt","2015","1","1"
"Esso Tan","2015","1","1"
"troedel-","2015","1","1"
"iD 1.7.4","2015","1","1"
"Happy Mu","2015","1","1"
"E-Center","2015","1","1"
"Discount","2015","1","1"
"Seaside ","2015","1","1"
"Billabon","2015","1","1"
"Studio I","2016","1","1"
"ACADEMY ","2015","1","1"
"Adecco P","2015","1","1"
"Emma's","2015","1","1"
"Intercoi","2015","1","1"
"Santi Be","2017","1","1"
"Patrik G","2020","1","1"
"ottwiz w","2020","1","1"
"Staudenm","2015","1","1"
"Cory M G","2018","1","1"
"Teppichw","2015","1","1"
"VIKI KOM","2015","1","1"
"Pizza Pa","2015","1","1"
"Menüdien","2015","1","1"
"a3sports","2015","1","1"
"Cardamom","2015","1","1"
"My Car -","2015","1","1"
"ASE-Unte","2015","1","1"
"da:kubu ","2015","1","1"
"Firma Di","2015","1","1"
"Alfred S","2015","1","1"
"Chrono S","2015","1","1"
"OSM Mobi","2015","1","1"
"ID  7.1","2015","1","1"
"Max Werk","2015","1","1"
"SAME Caf","2015","1","1"
"JOSM (un","2017","1","1"
"Uta Schi","2015","1","1"
"ADORNIA ","2015","1","1"
"OhmK wit","2020","1","1"
"MyOwnEdi","2017","1","1"
"Andrea H","2015","1","1"
"emv Medi","2015","1","1"
"Avaritia","2015","1","1"
"Dr. Nico","2015","1","1"
"FixRoman","2016","1","1"
"ivo Sori","2015","1","1"
"heilewel","2015","1","1"
"Parkett ","2015","1","1"
"Autoanka","2015","1","1"
"juanpelo","2016","1","1"
"Klaviert","2015","1","1"
"Dissmann","2015","1","1"
"ID","2017","1","1"
"MedBende","2018","1","1"
"P.C. Pau","2015","1","1"
"iS 2.8.1","2018","1","1"
"李珩睿","2016","1","1"
"XmaX ios","2018","1","1"
"3E Gesun","2015","1","1"
"Raul Fer","2016","1","1"
"LINK Ver","2015","1","1"
"Riverris","2017","1","1"
"MAPS.ME","2018","1","1"
"Tauchtre","2015","1","1"
"OD_valid","2020","1","1"
"bestfora","2015","1","1"
"Stabilo9","2018","1","1"
"Berger 1","2015","1","1"
"MoCo Ser","2015","1","1"
"Petrovi4","2016","1","1"
"Andrea G","2019","1","1"
"Unrein P","2015","1","1"
"Pixelfeh","2015","1","1"
"Curati G","2015","1","1"
"Heye Gmb","2015","1","1"
"Roller C","2015","1","1"
"Garage 9","2015","1","1"
"LamaLoLi","2015","1","1"
"ЙОСМ (15","2019","1","1"
"Tubbybtc","2019","1","1"
"SOGEFI","2015","1","1"
"Buchhand","2015","1","1"
"Ingenieu","2015","1","1"
"Knocknok","2015","1","1"
"Chuck No","2018","1","1"
"FolienKr","2015","1","1"
"ivan arw","2019","1","1"
"streetwo","2015","1","1"
"danisort","2018","1","1"
"IA","2016","1","1"
"NAMANOU","2015","1","1"
"Trike-Ce","2015","1","1"
"Hotel Mi","2015","1","1"
"Rico Zie","2019","1","1"
"Hübner -","2015","1","1"
"ascratch","2020","1","1"
"SQ9MDD","2019","1","1"
"Altes Ca","2015","1","1"
"DaBamDaB","2015","1","1"
"Oje, Pok","2018","1","1"
"josephso","2016","1","1"
"North Cl","2015","1","1"
"Wienerwa","2015","1","1"
"Macron G","2015","1","1"
"Mail Box","2015","1","1"
"POWER AT","2015","1","1"
"UniQ Jew","2015","1","1"
"Kistenma","2015","1","1"
"Autowasc","2015","1","1"
"Atelco C","2015","1","1"
"Open Cav","2015","1","1"
"114514","2020","1","1"
"TIMBECKE","2015","1","1"
"OOMMNNEE","2015","1","1"
"Luisenho","2015","1","1"
"Mtha Ann","2019","1","1"
"VIF Pers","2015","1","1"
"Erwentra","2015","1","1"
"i-Tüpfel","2015","1","1"
"http://l","2019","1","1"
"Patjudic","2015","1","1"
"Lily Bur","2015","1","1"
"Postel W","2015","1","1"
"PC Lapto","2015","1","1"
"Landhote","2015","1","1"
"Alte Lei","2015","1","1"
"Stek (JO","2019","1","1"
"Drwho42","2017","1","1"
"Mirco-An","2015","1","1"
"ShareNav","2015","1","1"
"ACTIV We","2015","1","1"
"TRIANON ","2015","1","1"
"Physio P","2015","1","1"
"Oleboy","2016","1","1"
"Ferdis A","2015","1","1"
"OlioCeto","2015","1","1"
"saXnot I","2015","1","1"
"#martinm","2017","1","1"
"zzmedia","2015","1","1"
"Perk-N-P","2015","1","1"
"Paradies","2015","1","1"
"Fingerpr","2015","1","1"
"Dermabel","2015","1","1"
"plus bel","2015","1","1"
"Taxi 55","2015","1","1"
"Omneea","2015","1","1"
"Raumplan","2015","1","1"
"Baqu Hom","2015","1","1"
"osm_gobo","2020","1","1"
"IL Fahrr","2015","1","1"
"Davide M","2015","1","1"
"Remigius","2020","1","1"
"COOLGUID","2016","1","1"
"TMG Reis","2015","1","1"
"cash4bra","2015","1","1"
"Rainfore","2015","1","1"
"n.arrami","2017","1","1"
"Timeless","2015","1","1"
"FIGUR in","2015","1","1"
"TSS-Netw","2015","1","1"
"Kühnemun","2015","1","1"
"Thomas S","2015","1","1"
"Goyago G","2015","1","1"
"Fitness-","2015","1","1"
"A_Mew","2017","1","1"
"Bertsch ","2015","1","1"
"Burchard","2015","1","1"
"osm.wiki","2017","1","1"
"Lemis Mo","2015","1","1"
"National","2015","1","1"
"Zoo Tier","2015","1","1"
"BEULENDO","2015","1","1"
"KFZ-Serv","2015","1","1"
"svance92","2015","1","1"
"machina_","2017","1","1"
"LSH Rech","2015","1","1"
"Content ","2015","1","1"
"Maria Mu","2015","1","1"
"Sainimil","2016","1","1"
"Compass ","2015","1","1"
"Okinii K","2015","1","1"
"themi97","2019","1","1"
"radschla","2015","1","1"
"Turbo-Sc","2015","1","1"
"Kerngesu","2015","1","1"
"Doppelbu","2015","1","1"
"Union St","2015","1","1"
"Herson L","2016","1","1"
"Steuerka","2015","1","1"
"Dutch389","2017","1","1"
"Hannes L","2015","1","1"
"GISCON-G","2015","1","1"
"Coowio H","2015","1","1"
"Berliner","2015","1","1"
"Auto Zen","2015","1","1"
"Centrals","2015","1","1"
"Offsetdr","2015","1","1"
"Century ","2015","1","1"
"wohnenho","2015","1","1"
"Küchen B","2015","1","1"
"Clean Re","2020","1","1"
"Soppfilm","2015","1","1"
"Artemedi","2015","1","1"
"socks PU","2015","1","1"
"The Jung","2015","1","1"
"Möbel-Le","2015","1","1"
"RalphLan","2015","1","1"
"Gruber B","2015","1","1"
"Harfid G","2015","1","1"
"Agentur ","2015","1","1"
"Matratze","2015","1","1"
"iD 2.3.3","2017","1","1"
"Castella","2015","1","1"
"Leithold","2015","1","1"
"JS-Techn","2015","1","1"
"BKM - Ol","2015","1","1"
"Banditbi","2017","1","1"
"VERWERTU","2015","1","1"
"EDV Thom","2015","1","1"
"Omnea Gm","2015","1","1"
"Mc Donal","2015","1","1"
"Salon Be","2015","1","1"
"Schwimmb","2015","1","1"
"arenaopt","2015","1","1"
"Kontrapu","2015","1","1"
"Ryan @DP","2017","1","1"
"The Rive","2015","1","1"
"Ratgeber","2015","1","1"
"welltec ","2015","1","1"
"Nagelstu","2015","1","1"
"Pizzeria","2015","1","1"
"megasunb","2017","1","1"
"Roter Ha","2015","1","1"
"Makler-K","2015","1","1"
"meta","2015","1","1"
"frankoni","2015","1","1"
"Gammawea","2015","1","1"
"JOSM/1.4","2015","1","1"
"Freizeit","2015","1","1"
"GeoTiger","2020","1","1"
"ZZB - Za","2015","1","1"
"Grosche ","2015","1","1"
"Fashion ","2015","1","1"
"Akku-Sho","2015","1","1"
"Josef Ka","2015","1","1"
"gut-Grup","2015","1","1"
"Break-Do","2015","1","1"
"Catja Gr","2015","1","1"
"539h","2016","1","1"
"Adieser ","2015","1","1"
"LUDEN197","2020","1","1"
"Ribechan","2016","1","1"
"TAXIAR T","2019","1","1"
"I cut yo","2015","1","1"
"joe","2016","1","1"
"mfi mana","2015","1","1"
"primaril","2020","1","1"
"Tagespfl","2015","1","1"
"Remus Sc","2015","1","1"
"eek","2016","1","1"
"YOGIS","2015","1","1"
"Ecki Ven","2015","1","1"
"Fine Din","2015","1","1"
"SendEasy","2015","1","1"
"MEDIFIT ","2015","1","1"
"Müller o","2015","1","1"
"Datapris","2015","1","1"
"Sazoom S","2015","1","1"
"pardhu","2020","1","1"
"Eklm","2017","1","1"
"Kiez-Fah","2015","1","1"
"Sanitäts","2015","1","1"
"Neuwagen","2015","1","1"
"Telekomm","2015","1","1"
"geoMapTo","2018","1","1"
"FeWo Vra","2015","1","1"
"Moctar","2020","1","1"
"iD 1.8.1","2018","1","1"
"Ralf Wis","2015","1","1"
"RUISINGE","2015","1","1"
"iD 2.15.","2019","1","1"
"ID 7.7","2015","1","1"
"Debeka V","2015","1","1"
"Ulrich E","2015","1","1"
"eazy ent","2015","1","1"
"infiniWE","2015","1","1"
"CYR Natu","2015","1","1"
"Dalibor ","2015","1","1"
"FF-Indus","2015","1","1"
"LTT Sonn","2015","1","1"
"Steam Ca","2015","1","1"
"Wesley E","2016","1","1"
"Erlebte ","2015","1","1"
"pawel660","2017","1","1"
"PF Perso","2015","1","1"
"App-Sec-","2015","1","1"
"Fitandsm","2015","1","1"
"Behncke ","2015","1","1"
"Hanfware","2015","1","1"
"Farbtech","2015","1","1"
"TK","2016","1","1"
"GSImaps/","2017","1","1"
"Okinii W","2015","1","1"
"Motor-Ge","2015","1","1"
"VR-Bank ","2015","1","1"
"Abbrucha","2015","1","1"
"LKG-Guit","2015","1","1"
"PERSONAL","2015","1","1"
"Atabey F","2015","1","1"
"Schoenth","2015","1","1"
"Wilhelm-","2015","1","1"
"Hanse Me","2015","1","1"
"Firma Fr","2015","1","1"
"Prima Wä","2015","1","1"
"hatem bo","2017","1","1"
"Elektro-","2015","1","1"
"Optik a.","2015","1","1"
"Pianohau","2015","1","1"
"Globtech","2015","1","1"
"Printerl","2015","1","1"
"Lunna85","2020","1","1"
"Schiffsr","2015","1","1"
"hummel S","2015","1","1"
"Sokrates","2015","1","1"
"LVM-Vers","2015","1","1"
"Michał","2017","1","1"
"DB","2019","1","1"
"DZ Mappe","2016","1","1"
"MK Desig","2015","1","1"
"Björn's ","2015","1","1"
"USC Mars","2015","1","1"
"iD 2.1.4","2017","1","1"
"Java Ope","2018","1","1"
"Yaroslav","2015","1","1"
"Hotel Ga","2015","1","1"
"GrabVNVi","2020","1","1"
"Outbarri","2018","1","1"
"W.H.Y Co","2015","1","1"
"Akupunkt","2015","1","1"
"Gandhi A","2015","1","1"
"Auto an ","2015","1","1"
"ZahnLevi","2015","1","1"
"Postman;","2016","1","1"
"Pestel O","2015","1","1"
"QGIS OSM","2017","1","1"
"Marco Pa","2017","1","1"
"H2B Arch","2015","1","1"
"Casa Sup","2015","1","1"
"Daniel B","2015","1","1"
"darksurg","2015","1","1"
"IT-SERVI","2015","1","1"
"ID 2.1.2","2017","1","1"
"Larissa ","2015","1","1"
"Park Inn","2015","1","1"
"yo gis","2015","1","1"
"p.otto e","2015","1","1"
"LVM Vers","2015","1","1"
"Okinii D","2015","1","1"
"TomekC","2019","1","1"
"ivo sori","2015","1","1"
"Brooklyn","2017","1","1"
"Grand Ho","2015","1","1"
"Isana-IT","2015","1","1"
"Al Sahra","2015","1","1"
"Paul Sey","2017","1","1"
"Blumen S","2015","1","1"
"HDH Gebä","2015","1","1"
"Fabien M","2018","1","1"
"Alexandr","2015","1","1"
"Osmosis","2016","1","1"
"bousrih.","2015","1","1"
"Test","2015","1","1"
"Soult Gb","2015","1","1"
"GPS D. S","2015","1","1"
"Petplan ","2015","1","1"
"Mimosa G","2015","1","1"
"Essener ","2015","1","1"
"ARATTA","2018","1","1"
"VitaliO ","2015","1","1"
"schuurpa","2019","1","1"
"Bilfinge","2015","1","1"
"Hermann ","2015","1","1"
"jozef11","2015","1","1"
"D + B Fl","2015","1","1"
"Berger-m","2015","1","1"
"Taxi Wei","2015","1","1"
"Maxbubbl","2015","1","1"
"Veig@ygg","2019","1","1"
"Chiton B","2015","1","1"
"Avena Ge","2015","1","1"
"Albert S","2016","1","1"
"Prof. Dr","2015","1","1"
"A und I ","2015","1","1"
"吳柏融","2016","1","1"
"HouseNum","2016","1","1"
"Sonne Ha","2015","1","1"
"Dental C","2015","1","1"
"Stütz Pu","2015","1","1"
"Hegers F","2015","1","1"
"VANS Sto","2015","1","1"
"Luckner ","2015","1","1"
"Bonfrit","2015","1","1"
"Dog’s Di","2015","1","1"
"RoofMapp","2018","1","1"
"BB","2018","1","1"
"Ad It Up","2015","1","1"
"FinanzAk","2015","1","1"
"GSF Plan","2015","1","1"
"Peturhs","2016","1","1"
"Oakwood ","2015","1","1"
"MANNSDÖR","2015","1","1"
"Mohamed ","2015","1","1"
"tommysty","2017","1","1"
"Holländi","2015","1","1"
"Die Ment","2015","1","1"
"CHEN PO-","2016","1","1"
"Kissane ","2015","1","1"
"PC Servi","2015","1","1"
"Schloß O","2015","1","1"
"Vans Zoo","2015","1","1"
"Autoglas","2015","1","1"
"lieb dic","2015","1","1"
"Atelier ","2015","1","1"
"Trausnit","2015","1","1"
"schwandt","2015","1","1"
"Cujic Ge","2015","1","1"
"Parkett-","2015","1","1"
"Sushi 93","2015","1","1"
"Usercom ","2015","1","1"
"Goldschm","2015","1","1"
"JOSM (ch","2015","1","1"
"My Test ","2015","1","1"
"Regent R","2015","1","1"
"Marco122","2018","1","1"
"Optikeck","2015","1","1"
"Hofstaat","2015","1","1"
"Film Dig","2015","1","1"
"iD 1.2.1","2015","1","1"
"superadl","2016","1","1"
"yso/0.1","2018","1","1"
"Funsport","2015","1","1"
"rraaddaa","2017","1","1"
"cosmetic","2015","1","1"
"Cartech ","2015","1","1"
"accurati","2015","1","1"
"Mönch We","2015","1","1"
"On Q Pro","2015","1","1"
"A-Z Comp","2015","1","1"
"Kettler ","2015","1","1"
"Marianne","2015","1","1"
"Annett R","2015","1","1"
"Kilin","2017","1","1"
"Mobiler ","2015","1","1"
"josm","2019","1","1"
"e-motion","2015","1","1"
"Werk-D","2015","1","1"
"Daniel's","2015","1","1"
"Oishii S","2015","1","1"
"ID.7","2015","1","1"
"DÖLLING ","2015","1","1"
"Der Schl","2015","1","1"
"Lietsche","2015","1","1"
"Fred_Gou","2015","1","1"
"I.D. Riv","2015","1","1"
"MapSurfe","2015","1","1"
"Rick Umb","2015","1","1"
"Daniel T","2016","1","1"
"Precisio","2015","1","1"
"Tine's P","2015","1","1"
"Chen Zue","2016","1","1"
"MOVE-Wer","2015","1","1"
"AquaUrla","2015","1","1"
"Parkette","2015","1","1"
"Salonkom","2015","1","1"
"POI Coll","2016","1","1"
"Bewertun","2015","1","1"
"Vito's P","2015","1","1"
"by hand","2018","1","1"
"Ruanthai","2015","1","1"
"Biofleis","2015","1","1"
"Gambrinu","2015","1","1"
"Kammler ","2015","1","1"
"ad.agda ","2015","1","1"
"mdmahir","2018","1","1"
"iD","2016","1","1"
"MANDARIN","2015","1","1"
"Burger K","2015","1","1"
"OSM API ","2020","1","1"
"Goldjuwe","2015","1","1"
"Stoffel ","2015","1","1"
"Silke Ma","2015","1","1"
"Vodafone","2015","1","1"
"WplusW W","2015","1","1"
"C A·E·C ","2015","1","1"
"pinemoo","2018","1","1"
"Gabriele","2015","1","1"
"Dreihard","2015","1","1"
"Auftrags","2015","1","1"
"Reifen S","2015","1","1"
"Combé An","2015","1","1"
"Finanzco","2015","1","1"
"Goodies ","2015","1","1"
"getbound","2016","1","1"
"My head ","2015","1","1"
"Landscap","2015","1","1"
"Boots by","2015","1","1"
"Ricky Te","2017","1","1"
"Kmerkel","2016","1","1"
"machina_","2018","1","1"
"ER Secur","2015","1","1"
"Nobilita","2015","1","1"
"ITALIA F","2015","1","1"
"Autoverm","2015","1","1"
"gradew","2019","1","1"
"1a-TopSt","2015","1","1"
"JOSM 1.5","2018","1","1"
"Stoll + ","2015","1","1"
"Dipl.-In","2015","1","1"
"POI Coll","2018","1","1"
"KStats","2018","1","1"
"iD .2.1.","2017","1","1"
"Jiu-Jits","2015","1","1"
"Admin@Pe","2016","1","1"
"josm","2017","1","1"
"mrfloppy","2017","1","1"
"Fundació","2017","1","1"
"Firstlas","2017","1","1"
"Jill's M","2015","1","1"
"nds.wp T","2019","1","1"
"MARTINS ","2015","1","1"
"GOGORI","2017","1","1"
"Hotel-Pe","2015","1","1"
"Kfz Klen","2015","1","1"
"Care Nes","2015","1","1"
"Wissen, ","2015","1","1"
"Orientte","2015","1","1"
"Sanssouc","2015","1","1"
"Uhren-Ur","2015","1","1"
"SkyRobot","2015","1","1"
"Höhenarb","2015","1","1"
"BOSCH CA","2015","1","1"
"The Art ","2015","1","1"
"eeagle","2017","1","1"
"reconsit","2015","1","1"
"Holzinge","2015","1","1"
"Physio-G","2015","1","1"
"MPU Vorb","2015","1","1"
"Keimschl","2016","1","1"
"67exec","2017","1","1"
"邱宏明","2016","1","1"
"Partyser","2015","1","1"
"D-S-W Si","2015","1","1"
"poism;JO","2020","1","1"
"schools.","2018","1","1"
"Aloe Ver","2015","1","1"
"MADMEN O","2015","1","1"
"SweatnDa","2015","1","1"
"OSM-API ","2020","1","1"
"andrea.m","2020","1","1"
"BSMRG Gm","2015","1","1"
"Fleury I","2015","1","1"
"Handyrep","2015","1","1"
"Etiket S","2015","1","1"
"HGW Anwä","2015","1","1"
"CPU 24/7","2015","1","1"
"Virginia","2015","1","1"
"McDonald","2015","1","1"
"Salon La","2015","1","1"
"Tiersitt","2015","1","1"
"MEMO Sch","2015","1","1"
"Optik am","2015","1","1"
"aero377","2016","1","1"
"THK-Kass","2015","1","1"
"BENN Imm","2015","1","1"
"Dentprev","2015","1","1"
"EXTRATAP","2015","1","1"
"Peter Ba","2015","1","1"
"Optik Hu","2015","1","1"
"Glück to","2015","1","1"
"Danfol D","2015","1","1"
"MrRoute","2019","1","1"
"Kardex G","2015","1","1"
"Lars Neu","2015","1","1"
"Autogas ","2015","1","1"
"Panagiot","2015","1","1"
"United-S","2015","1","1"
"Rolf But","2015","1","1"
"Teppichr","2015","1","1"
"Wilfka O","2015","1","1"
"Miami Wh","2015","1","1"
"SPEED-FI","2015","1","1"
"UK Immob","2015","1","1"
"id 2.3.2","2017","1","1"
"Vermessu","2015","1","1"
"Tischler","2015","1","1"
"Eco Dach","2015","1","1"
"holedigg","2015","1","1"
"Autoverw","2015","1","1"
"Keule Be","2015","1","1"
"VIa Pila","2015","1","1"
"Anton Ha","2015","1","1"
"Zahnärzt","2015","1","1"
"DKV Deut","2015","1","1"
"Darrell ","2015","1","1"
"Mandali ","2015","1","1"
"Di Lo Ga","2015","1","1"
"Kassel M","2015","1","1"
"W. Lands","2015","1","1"
"Ute Körb","2015","1","1"
"Cozy Map","2016","1","1"
"Flood an","2015","1","1"
"Hauswirt","2015","1","1"
"Columbus","2015","1","1"
"Pantine ","2015","1","1"
"2.6.0","2018","1","1"
"E M S Ze","2015","1","1"
"My Edito","2015","1","1"
"Rene Rog","2015","1","1"
"MONTI Dr","2015","1","1"
"Maklerce","2015","1","1"
"baulab P","2015","1","1"
"forwalk.","2016","1","1"
"Algerie ","2016","1","1"
"Mecklenb","2015","1","1"
"Mansoat ","2015","1","1"
"Eco Car ","2015","1","1"
"Auto-Ste","2015","1","1"
"Stefan W","2015","1","1"
"Evgeniy ","2017","1","1"
"omiklos","2017","1","1"
"E center","2015","1","1"
"Schloßse","2015","1","1"
"Second H","2015","1","1"
"B.E.S. I","2015","1","1"
"apotheke","2015","1","1"
"easyvisi","2017","1","1"
"wemapp","2020","1","1"
"GATACA U","2015","1","1"
"Gamlai-T","2015","1","1"
"Daniel S","2015","1","1"
"Firma Ro","2015","1","1"
"glücksra","2015","1","1"
"Gebrauch","2015","1","1"
"Dorstfel","2015","1","1"
"wiedeman","2015","1","1"
"Croce Do","2019","1","1"
"BBloggsb","2019","1","1"
"Autoloc","2015","1","1"
"MLDB wit","2016","1","1"
"Domino's","2015","1","1"
"TH Food ","2015","1","1"
"Multi Ku","2015","1","1"
"ISV-Maur","2015","1","1"
"glamdrin","2019","1","1"
"SPORTCEN","2015","1","1"
"Libelle ","2015","1","1"
"Reinke B","2015","1","1"
"Digitald","2015","1","1"
"Rückenwi","2015","1","1"
"Guthke I","2015","1","1"
"Team Jäg","2015","1","1"
"Hondius;","2015","1","1"
"DeineSta","2015","1","1"
"Croce Do","2018","1","1"
"PC Compu","2015","1","1"
"Pizza-Ti","2015","1","1"
"FACTORY ","2015","1","1"
"erfasser","2016","1","1"
"rawedit.","2015","1","1"
"Blue4Med","2015","1","1"
"WOLFORD ","2015","1","1"
"Keith","2018","1","1"
"DAHV","2017","1","1"
"PC-Profi","2015","1","1"
"Druck Gm","2015","1","1"
"Klavierg","2015","1","1"
"josm","2018","1","1"
"Dr. Z – ","2015","1","1"
"Cafe bou","2015","1","1"
"Brose Ju","2015","1","1"
"iD 2.3.6","2017","1","1"
"American","2015","1","1"
"InterCon","2015","1","1"
"Haus der","2015","1","1"
"Hertz Au","2015","1","1"
"KommPosi","2015","1","1"
"Profi-Te","2015","1","1"
"iD 2.17.","2020","1","1"
"Bauunter","2015","1","1"
"Boljahn`","2015","1","1"
"Optik Ma","2015","1","1"
"Handy-Ma","2015","1","1"
"Guy Brun","2018","1","1"
"superadl","2015","1","1"
"Scooter ","2015","1","1"
"Dr. Z Be","2015","1","1"
"Alt Münc","2015","1","1"
"Careerbu","2015","1","1"
"EuroMedT","2015","1","1"
"ERGO Ver","2015","1","1"
"Löhr Aut","2015","1","1"
"VR-NetWo","2015","1","1"
"Rigid Pl","2015","1","1"
"ASND - V","2015","1","1"
"dduenasd","2019","1","1"
"JOSM/1.6","2017","1","1"
"DZ.Mappe","2015","1","1"
"Feuerweh","2020","1","1"
"Cashflow","2015","1","1"
"KRELL Im","2015","1","1"
"Kassensy","2015","1","1"
"Id 7.1","2015","1","1"
"iD. 2.0.","2017","1","1"
"Klavierb","2015","1","1"
"Spengler","2015","1","1"
"Logopädi","2015","1","1"
"VIVIR- s","2015","1","1"
"Dr. Ange","2015","1","1"
"Malos Fe","2015","1","1"
"Kurz und","2015","1","1"
"G. Schwa","2015","1","1"
"Dartshop","2015","1","1"
"PulisakZ","2018","1","1"
"Weg der ","2015","1","1"
"Viktory-","2015","1","1"
"Schornst","2015","1","1"
"OSM edit","2018","1","1"
"SES-Secu","2015","1","1"
"Schleuss","2015","1","1"
"Ricardo ","2020","1","1"
"Yves Roc","2015","1","1"
"AHB","2018","1","1"
"Musik Ak","2015","1","1"
"Rattanmö","2015","1","1"
"Matthias","2015","1","1"
"Lebe-Leb","2015","1","1"
"李燁庭","2016","1","1"
"Beauty M","2015","1","1"
"axl80","2015","1","1"
"Dr. Mich","2015","1","1"
"A.C.T. C","2015","1","1"
"Holmes P","2015","1","1"
"Pizza Hu","2015","1","1"
"raum-bli","2015","1","1"
"hensersp","2015","1","1"
"Der blüh","2015","1","1"
"Veith Yä","2015","1","1"
"Celebrat","2015","1","1"
"Bitremon","2015","1","1"
"Blizzeri","2015","1","1"
"Selbst. ","2015","1","1"
"Gusto Ka","2015","1","1"
"Optipus ","2015","1","1"
"created_","2018","1","1"
"Pasing A","2015","1","1"
"Der Schm","2015","1","1"
"Bettina ","2015","1","1"
"Amazing ","2015","1","1"
"Tester","2015","1","1"
"Sirchie ","2015","1","1"
"Wookey","2015","1","1"
"DOSA on ","2015","1","1"
"ggranvik","2015","1","1"
"absolutG","2017","1","1"
"Handykli","2015","1","1"
"Magic Ta","2015","1","1"
"Beate Ho","2015","1","1"
"Plotter ","2015","1","1"
"OSMEdito","2018","1","1"
"MadCaps ","2015","1","1"
"Kwik Kar","2015","1","1"
"Copy and","2015","1","1"
"Akademie","2015","1","1"
"123(^-^)","2018","1","1"
"Kresimir","2018","1","1"
"expertum","2015","1","1"
"Float-Po","2015","1","1"
"Themis U","2015","1","1"
"Sönke Kl","2015","1","1"
"node|nod","2015","1","1"
"CCTVMap","2015","1","1"
"Wohnmobi","2015","1","1"
"Terra Ta","2015","1","1"
"Manije K","2015","1","1"
"BundesRa","2015","1","1"
"HWF Auto","2015","1","1"
"DaniloB7","2015","1","1"
"Krückau ","2015","1","1"
"deSteini","2015","1","1"
"Coast - ","2015","1","1"
"Durchbli","2015","1","1"
"Fleischm","2015","1","1"
"Gebäuder","2015","1","1"
"Facility","2015","1","1"
"THE CLUB","2015","1","1"
"ImmoClas","2015","1","1"
"Satori F","2015","1","1"
"Friseurs","2015","1","1"
"schuepc","2016","1","1"
"Le Marra","2015","1","1"
"CAI;JOSM","2015","1","1"
"Leapp In","2015","1","1"
"Mallavar","2015","1","1"
"Dr. Schm","2015","1","1"
"holgerho","2017","1","1"
"samsauri","2019","1","1"
"Viadrina","2015","1","1"
"Krav Mag","2015","1","1"
"dfm Faci","2015","1","1"
"Gesundhe","2015","1","1"
"Proof Gm","2015","1","1"
"Puji Sil","2017","1","1"
"Schönhei","2015","1","1"
"DP-Konze","2015","1","1"
"blumen-t","2015","1","1"
"Pepperpa","2015","1","1"
"JOSM Fue","2018","1","1"
"von Poll","2015","1","1"
"Herrensc","2015","1","1"
"JEFF THO","2015","1","1"
"Id2.","2015","1","1"
"Graffiti","2015","1","1"
"Israel H","2017","1","1"
"LAKESIDE","2015","1","1"
"everclea","2015","1","1"
"EssigÖl","2015","1","1"
"rraaddaa","2018","1","1"
"Hotel Zu","2015","1","1"
"eye cout","2015","1","1"
"AutoTag ","2015","1","1"
"KL-Nails","2015","1","1"
"Palmarès","2015","1","1"
"miwo100","2017","1","1"
"Green Cl","2015","1","1"
"Fitco Fi","2015","1","1"
"Car Unio","2015","1","1"
"EDEKA ce","2015","1","1"
"ADL-Dien","2015","1","1"
"landuses","2017","1","1"
"elumico ","2015","1","1"
"SCRIPTIN","2015","1","1"
"OSM-Flo","2017","1","1"
"Die Stul","2015","1","1"
"arthur_d","2016","1","1"
"IFAA Gmb","2015","1","1"
"ASD Onli","2015","1","1"
"Salounge","2015","1","1"
"mykol404","2018","1","1"
"Fabrizio","2017","1","1"
"Xinerama","2020","1","1"
"sukrufer","2016","1","1"
"Mapbudo","2016","1","1"
"Paul Por","2015","1","1"
"Heavenil","2015","1","1"
"Id.7","2015","1","1"
"Kosi Bed","2015","1","1"
"Dauer Be","2015","1","1"
"EMS Firs","2015","1","1"
"Ein Haus","2015","1","1"
"iD 1.7.1","2018","1","1"
"Aurelius","2015","1","1"
"gleenier","2016","1","1"
"Segafred","2015","1","1"
"Bursche ","2015","1","1"
"ponysapr","2016","1","1"
"Transpor","2015","1","1"
"Forum471","2016","1","1"
"v-andr","2016","1","1"
"hatem bo","2016","1","1"
"Schnitze","2015","1","1"
"Angelsho","2015","1","1"
"blickfan","2015","1","1"
"viani's ","2015","1","1"
"ID1.7.1","2015","1","1"
"K. Oberm","2015","1","1"
"Kaffe 16","2015","1","1"
"ets soft","2015","1","1"
"Tumeli","2016","1","1"
"boud - J","2019","1","1"
"diskmant","2016","1","1"
"PC- Netz","2015","1","1"
"GOOSM","2016","1","1"
"White Si","2015","1","1"
"Hotel Ni","2015","1","1"
"Papri sh","2017","1","1"
"woodcraf","2015","1","1"
"Anliker ","2015","1","1"
"Bodystre","2015","1","1"
"ESF fine","2015","1","1"
"Wiegand ","2015","1","1"
"iD 2.61","2018","1","1"
"Andruvv","2017","1","1"
"Polfood ","2015","1","1"
"Jiateng ","2017","1","1"
"mapcreat","2016","1","1"
"Perlensa","2015","1","1"
"Schlossg","2015","1","1"
"ViktorJ","2020","1","1"
"RAHinton","2015","1","1"
"Acme Pla","2015","1","1"
"estateMo","2015","1","1"
"Optik Mo","2015","1","1"
"Rainbowp","2015","1","1"
"m4mieza","2016","1","1"
"MIRLubli","2016","1","1"
"Classica","2015","1","1"
"DELL MUS","2015","1","1"
"Bench.","2015","1","1"
"Hubertus","2015","1","1"
"Swinging","2015","1","1"
"Wannex B","2015","1","1"
"Zulfikar","2016","1","1"
